[{"id":"user-image-esff-min.jpg","publicUrl":"np://user.desktop.nicepage.com/Site_47775379/images/esff-min.jpg","size":83067,"fileName":"esff-min.jpg","name":"esff-min","width":1318,"height":1080,"thumbnail":{"url":"np://user.desktop.nicepage.com/Site_47775379/images/thumbnails/esff-min.jpg","width":250,"height":205},"originalUrl":"//images01.nicepage.com/c461c07a441a5d220e8feb1a/94e4e995bddb5922ad3e2653/esff-min.jpg","usages":["1861312024"]},{"id":"user-image-dfdfdfdfdfdfdf.jpg","publicUrl":"np://user.desktop.nicepage.com/Site_47775379/images/dfdfdfdfdfdfdf.jpg","size":72657,"fileName":"dfdfdfdfdfdfdf.jpg","name":"dfdfdfdfdfdfdf","width":1920,"height":910,"thumbnail":{"url":"np://user.desktop.nicepage.com/Site_47775379/images/thumbnails/dfdfdfdfdfdfdf.jpg","width":250,"height":118},"originalUrl":"//images01.nicepage.com/c461c07a441a5d220e8feb1a/5eaca3416916533b832eecf4/dfdfdfdfdfdfdf.jpg","usages":["772616471"]},{"id":"user-image-logo-1099841671-1657734509-53de1adc9898a92051f5ee17b7eb62251657734510.png","publicUrl":"np://user.desktop.nicepage.com/Site_47775379/images/logo-1099841671-1657734509-53de1adc9898a92051f5ee17b7eb62251657734510.png","size":35175,"fileName":"logo-1099841671-1657734509-53de1adc9898a92051f5ee17b7eb62251657734510.png","name":"logo-1099841671-1657734509-53de1adc9898a92051f5ee17b7eb62251657734510","width":616,"height":198,"thumbnail":{"url":"np://user.desktop.nicepage.com/Site_47775379/images/thumbnails/logo-1099841671-1657734509-53de1adc9898a92051f5ee17b7eb62251657734510.png","width":250,"height":80},"usages":[]},{"id":"user-image-dicas_loja_virtual.jpg","publicUrl":"np://user.desktop.nicepage.com/Site_47775379/images/dicas_loja_virtual.jpg","size":26839,"fileName":"dicas_loja_virtual.jpg","name":"dicas_loja_virtual","width":600,"height":417,"thumbnail":{"url":"np://user.desktop.nicepage.com/Site_47775379/images/thumbnails/dicas_loja_virtual.jpg","width":250,"height":174},"usages":["772616471"]},{"id":"user-image-3789987.png","publicUrl":"np://user.desktop.nicepage.com/Site_47775379/images/3789987.png","size":7470,"fileName":"3789987.png","name":"3789987","width":128,"height":128,"thumbnail":{"url":"np://user.desktop.nicepage.com/Site_47775379/images/thumbnails/3789987.png","width":128,"height":128,"length":7470,"type":"png"},"usages":["772616471"]},{"id":"user-image-1350712.png","publicUrl":"np://user.desktop.nicepage.com/Site_47775379/images/1350712.png","size":9343,"fileName":"1350712.png","name":"1350712","width":128,"height":128,"thumbnail":{"url":"np://user.desktop.nicepage.com/Site_47775379/images/thumbnails/1350712.png","width":128,"height":128,"length":9343,"type":"png"},"usages":["772616471"]},{"id":"user-image-2517347.png","publicUrl":"np://user.desktop.nicepage.com/Site_47775379/images/2517347.png","size":7255,"fileName":"2517347.png","name":"2517347","width":128,"height":128,"thumbnail":{"url":"np://user.desktop.nicepage.com/Site_47775379/images/thumbnails/2517347.png","width":128,"height":128,"length":7255,"type":"png"},"usages":["772616471"]}]